{
  "UUID": null,
  "Task1.1": {
    "len(orders)": 2185,
    "len(unique_items)": 165,
    "len(mapped_records)": 2185
  },
  "Task1.2": {
    "most_frequent_item": 160,
    "len(frequent_itemsets)": 120
  },
  "Task1.3": {
    "recommendation_for_pastry_and_soda": "whole milk",
    "confidence_for_recommendation_for_pastry_and_soda": 0.4375,
    "recommendations_for_sausage": [
      "rolls/buns",
      "citrus fruit",
      "dessert",
      "bottled beer",
      "fruit/vegetable juice",
      "whipped/sour cream",
      "soda",
      "butter",
      "curd",
      "chicken",
      "pip fruit",
      "frankfurter",
      "bottled water",
      "UHT-milk",
      "yogurt",
      "shopping bags",
      "pastry",
      "beverages",
      "canned beer",
      "frozen vegetables",
      "newspapers",
      "other vegetables",
      "margarine",
      "root vegetables",
      "tropical fruit",
      "pork",
      "domestic eggs",
      "frozen meals",
      "white bread",
      "chocolate",
      "coffee",
      "whole milk",
      "brown bread",
      [
        "rolls/buns",
        "other vegetables"
      ],
      [
        "rolls/buns",
        "whole milk"
      ],
      [
        "soda",
        "whole milk"
      ],
      [
        "yogurt",
        "whole milk"
      ],
      [
        "other vegetables",
        "whole milk"
      ]
    ],
    "confidences_for_recommendations_for_sausage": [
      0.1691,
      0.0468,
      0.0432,
      0.1043,
      0.0504,
      0.0683,
      0.1906,
      0.0647,
      0.0935,
      0.0468,
      0.0683,
      0.0612,
      0.0755,
      0.0396,
      0.1871,
      0.0683,
      0.1007,
      0.0432,
      0.0935,
      0.0683,
      0.0432,
      0.2086,
      0.0576,
      0.1079,
      0.1187,
      0.0612,
      0.0576,
      0.0396,
      0.0468,
      0.0468,
      0.0468,
      0.2914,
      0.054,
      0.0468,
      0.054,
      0.0576,
      0.0719,
      0.0504
    ]
  }
}